string,center,score
eiarntg,r,3898
eiarntg,n,3782
eiarntg,e,3769
eiarntd,e,3672
eiarntg,t,3421
eiarntg,i,3406
eiarntg,a,3372
eiarndg,e,3271
eiarndg,r,3236
eiartld,e,3194
eiarntd,r,3155
eiarntg,g,3095
earntdp,e,3060
eiartdc,e,3023
eiarntd,t,3017
eartldp,e,3005
earntdg,e,3001
eiarntl,e,2983
eiarntc,t,2972
eiartdp,e,2961
eiarntc,e,2945
eirntdg,e,2911
earntdc,e,2910
eiarntc,r,2909
eiarndg,n,2898
eiarndg,g,2890
eiarntp,e,2886
eiartdc,r,2865
eiarntl,t,2856
eiarntm,e,2837
eiartdm,e,2826
eiartdp,r,2759
eartldb,e,2758
eiartld,r,2758
eiarntm,t,2749
eartodp,e,2719
eiarntc,a,2679
eartodp,r,2660
eiartlp,e,2653
earntdm,e,2652
eiarntp,r,2642
earntld,e,2636
eiarntd,a,2627
eiarndg,d,2626
eiarntl,r,2623
earntdg,r,2620
eiarntp,t,2610
eartldc,e,2608
earntdu,e,2606
eiartdb,e,2605
eartldp,a,2601
eiarldp,e,2592
eiarldb,e,2581
eiarndg,i,2575
eirntdp,e,2574
eiarnto,t,2570
eartldg,e,2555
eiarntl,a,2553
earntod,e,2526
eartdch,e,2524
eiarntd,n,2515
eiarntm,r,2514
eirntdg,i,2490
eiartdm,r,2487
eirntdc,e,2486
eirntdm,e,2479
eartdmp,e,2478
eartodc,e,2476
eiartdg,e,2475
earntdp,a,2467
eiartlb,e,2465
earntdp,r,2464
eartdcp,e,2459
eirntod,e,2454
earntlp,e,2453
earntdg,a,2451
eiarnlg,g,2448
eiarndg,a,2446
eiartld,a,2442
eartldb,a,2433
eiarntd,d,2427
eiarntd,i,2423
eiartdc,a,2423
eirntdg,r,2421
eiarntc,n,2414
eiartdb,r,2398
earntdb,e,2397
eirntdu,e,2390
eartodc,r,2387
earntdc,a,2382
eiartlm,e,2374
eirntdg,n,2369
eiantlg,n,2365
eiartlc,e,2363
eirntld,e,2363
eiarntm,a,2363
earntdc,r,2362
eartldm,e,2361
eiartdg,r,2353
eiartlp,r,2344
eiarnlg,n,2343
eartlod,e,2338
eiartdc,t,2333
earldgb,e,2328
earnldg,e,2323
eirnldg,e,2317
earntlp,a,2315
eartdgp,e,2313
eiarntc,i,2311
eiarnto,r,2310
eiarntp,a,2307
earntoc,t,2306
eirntoc,e,2296
eiartld,t,2286
eiarnlg,e,2285
eiarldg,e,2281
eiartcp,r,2280
eartldc,a,2273
earndgm,e,2263
eartldp,r,2261
eirnldg,i,2260
eartdch,a,2255
eiartlp,a,2254
eiarnlg,a,2251
eartdmp,r,2251
eiartlc,r,2251
eiartdc,d,2246
eiarnlg,i,2245
eirntlg,e,2242
eartdcp,r,2241
earntdh,e,2240
eiartdh,e,2236
eiartcp,e,2235
eartdgm,e,2232
eiarntl,i,2231
erntodc,e,2230
eartodg,e,2226
earntlc,e,2225
earntdm,a,2223
eirntoc,t,2223
eiartlc,a,2221
earntod,r,2218
eartlcp,e,2217
earntlg,e,2212
earntdc,t,2203
eiartlb,r,2197
eiantlg,i,2193
eiartlm,r,2190
earntoc,r,2188
eartdch,r,2187
earntld,a,2186
eirntlg,i,2185
earntdp,t,2184
eartdup,e,2183
eiartlp,t,2183
eartodm,e,2181
eiartlc,t,2181
earntcp,e,2173
eiarntm,i,2172
eiartdp,a,2171
earldpb,e,2168
eirndgp,e,2167
eiarntm,n,2159
earntlc,a,2158
eartldc,r,2158
eiarnlg,r,2158
earlodp,e,2153
eiarntl,n,2153
eartldg,a,2152
eartdph,e,2151
eiartld,d,2150
eiartod,r,2149
eartodg,r,2147
eartdgb,e,2145
eirntoc,r,2144
eiartlb,a,2143
earntoc,e,2142
eiartmp,e,2140
eiarnld,e,2140
earnldp,e,2139
eartdgp,r,2136
eartodb,e,2134
earldgp,e,2133
eiarntb,e,2131
eiartmp,r,2130
eiarldc,e,2128
eartdmp,a,2128
eartlop,e,2127
eiarldp,r,2124
eiarnto,e,2122
eirnodg,e,2120
eiarndm,e,2118
eartdcm,e,2118
eartdcb,e,2117
iarntog,n,2117
eartdcp,a,2114
eiantlg,a,2112
eiarldm,e,2109
erntodp,e,2107
eartlcp,a,2107
eartldh,e,2106
eiartld,i,2105
eiartod,e,2104
eirntgm,e,2104
eiantld,e,2103
eiartdh,r,2096
eiartlg,e,2094
eiarndp,e,2094
eirntog,r,2094
earldcp,e,2092
eartdpb,e,2089
eirntog,n,2089
earntdu,r,2087
eartloc,e,2085
earntgm,e,2083
eartldb,r,2083
eartodb,r,2083
eirntop,e,2082
earntdu,t,2081
eartodp,t,2075
earntlg,a,2071
earnldg,a,2069
earldgb,a,2068
eiarnto,n,2068
eiarntp,n,2066
eartlmp,e,2061
eiantlg,l,2061
eartodm,r,2060
earntop,e,2058
eiartdc,i,2058
earntod,t,2057
eiartdp,t,2053
eirndgb,e,2052
eiardcp,e,2052
eiarntb,r,2052
eiartch,r,2048
earntlp,t,2048
eirtodp,e,2046
eirntgp,e,2045
earndgp,e,2043
eartdcg,e,2042
eiartdm,a,2040
earntop,t,2039
earntdm,r,2038
eiarldb,r,2038
eirntoc,n,2038
eiarngm,r,2035
eartlpb,e,2034
earlodb,e,2030
earntmp,e,2027
eiarntp,i,2027
earntop,r,2026
eiartch,e,2024
eartlcb,e,2022
eiartlm,t,2018
eirntog,e,2016
eartloc,r,2016
earldmb,e,2014
eartdup,r,2014
eartdcu,e,2011
eiantlg,g,2011
eiarngp,r,2009
eirndgm,e,2008
eirntod,r,2008
eartlcb,a,2005
eartldg,r,2005
eiartlb,t,2005
eiarntu,t,2005
eiarldb,d,2003
eiarngm,g,2003
eartldm,a,2002
eirndgu,e,1999
eartdmb,e,1999
eirntlg,n,1999
eiarldp,d,1998
eirntdb,e,1997
eiarntb,t,1996
eartodp,a,1995
eiartdm,t,1994
eiarngp,n,1994
eartlgb,e,1993
earnodg,e,1989
erntodu,e,1989
earntdb,a,1989
eirndgb,i,1989
eartocp,r,1989
eirtodc,e,1987
eirtlod,e,1984
eiarntc,c,1982
earntdb,r,1981
eirndgp,i,1980
eartlod,r,1979
eirntdc,r,1979
eiantlg,e,1977
eiantdm,e,1977
earntld,r,1977
eartdgb,r,1976
eartdgh,e,1974
eiartlm,a,1972
eartdgm,r,1972
eiarngp,e,1971
earntlb,e,1970
earntch,e,1969
earntom,t,1969
iarntog,i,1968
earndgm,a,1966
eiarndc,e,1964
earntcp,a,1964
eiarnth,t,1964
earntgp,e,1962
earntom,e,1961
eartdgp,a,1961
eartldu,e,1958
eartlop,r,1958
eiardcp,r,1958
eiarnth,e,1956
eartdph,r,1955
eiartld,l,1955
eartdcb,r,1954
eiantlg,t,1954
earntgm,a,1949
earntlm,e,1948
eiarldp,a,1945
eartdbh,e,1944
eirntog,i,1944
eirntgp,i,1943
eirntgm,i,1943
eartdcm,r,1942
eiarngm,n,1940
eiartch,t,1938
eiarntu,e,1935
ertlodp,e,1934
earntlp,r,1934
eiarngm,e,1933
earnldc,e,1932
eirntdp,r,1932
eartloc,t,1932
eirntgm,r,1931
earndgu,e,1930
eirtldp,e,1930
eartlpb,a,1930
eirntod,t,1929
earndgm,r,1926
earntdp,d,1926
eartdch,t,1924
eartloc,a,1923
eirnodg,n,1923
earntld,t,1921
eartdgu,e,1920
eiardgm,e,1912
eirntdm,r,1912
eartlch,e,1911
earntoc,a,1911
eiartdb,a,1911
eiarngp,i,1910
eiartcm,e,1909
eartdph,a,1909
eartlgp,e,1908
eirnodg,r,1907
eirntdg,d,1907
eartlgb,a,1905
earntom,r,1905
eartdcg,r,1904
eiartop,r,1904
eartlmp,a,1902
earntog,r,1902
earntdg,d,1902
eiartdc,c,1902
eartdcb,a,1899
eiartdp,d,1899
eiartcm,r,1898
eiarntu,r,1897
eiardmp,e,1895
earnldb,e,1895
eirntop,r,1895
earntcp,r,1895
eiarngp,g,1895
eiartcp,a,1894
earldmp,e,1893
eartlch,a,1893
eartdpb,r,1893
eirnldg,g,1893
eirnldg,d,1892
eartdmh,e,1891
earndgb,e,1891
eartldp,t,1891
eirnldg,r,1890
eartodc,t,1889
eartodp,d,1886
eiartlg,r,1885
earntlc,t,1885
eiarldg,r,1883
iantloc,a,1882
eiarngm,a,1881
earlodc,e,1878
eirtdmp,e,1877
earntlb,a,1877
earntmp,a,1872
eirntom,e,1871
eirntdc,t,1870
eiarntl,l,1870
earntog,e,1867
eiarldb,a,1867
eirntdc,i,1866
eartdcm,a,1866
earntdu,n,1866
earntdg,t,1866
eirnodg,i,1865
eirnodg,g,1864
eiarldb,l,1863
earldup,e,1861
eirtldm,e,1861
eartlmb,e,1860
eirntdm,i,1860
eirntdp,i,1858
earntdu,d,1858
earldpb,a,1856
eirntlg,r,1856
eirntgu,n,1855
earntcm,e,1854
eirtdcp,e,1854
eirntop,t,1854
eiartlb,l,1854
eirntcp,e,1852
earntlc,r,1852
eartocp,e,1850
earldgm,e,1850
eirtldb,e,1850
eartlcp,r,1850
earntch,t,1850
eiarnto,a,1849
earntlm,a,1848
eirntoc,i,1847
earntch,a,1845
earntdh,r,1845
eiardgb,e,1843
eiardgp,e,1841
earldcb,e,1839
eirntoc,o,1839
eartldm,r,1838
iantlog,n,1838
eantldp,e,1837
eirnodg,d,1837
eartomp,r,1836
eartdgb,a,1835
eiarnth,r,1834
eiartdm,d,1834
earnodc,e,1833
eirntgp,r,1833
earntdc,d,1832
earntdu,a,1831
earntcp,t,1831
earldcp,a,1830
earntmp,r,1830
eirntgu,r,1830
eirntdg,g,1830
eartldh,a,1828
eiartcp,t,1828
earnodp,e,1827
eirlodp,e,1827
eiarngm,i,1826
eartdgm,a,1826
earndmp,e,1824
eirntdh,e,1824
earntdh,a,1824
earntlg,r,1823
eiartlo,r,1823
earnodg,r,1822
earldub,e,1821
eartdpb,a,1820
eiarndm,d,1818
eiartgm,e,1814
eirntog,t,1814
earntcg,e,1813
eartlup,e,1812
earnldm,e,1812
earntod,a,1812
iarntog,a,1812
eiarldg,d,1812
erntodm,e,1811
eirntdu,r,1811
eartdgh,r,1811
eiarnld,d,1811
eartdgu,r,1810
earnldg,r,1804
eirndgu,n,1802
earntgm,r,1801
eiartlo,t,1801
eirntgu,e,1800
eartlob,e,1800
eartodc,a,1800
eartldc,t,1800
earntod,d,1800
eirtodc,r,1798
eartlop,t,1797
iarntog,t,1797
eirntdu,n,1796
eiartdb,t,1796
eirntdm,t,1795
eartldp,d,1795
eirntmp,e,1794
eirndgp,r,1794
eirndgu,r,1794
earldgu,e,1793
eartldp,p,1793
eartdum,e,1791
eirntlg,t,1791
eartodp,p,1791
eartlgp,a,1788
eiartch,a,1788
eirnldg,n,1788
eiarndp,r,1788
eiarnlg,l,1788
eartdub,e,1787
eirtldc,e,1787
iantloc,n,1787
earntlo,t,1787
eartdcu,r,1786
earnldp,a,1785
eirntgp,n,1785
eiartdb,d,1785
eiarndb,e,1784
eiantlm,a,1783
earntdg,n,1783
earldgp,a,1782
eirndgb,r,1782
eiardmp,r,1779
eiartlp,l,1779
earnodm,e,1778
earntcm,a,1778
eartocp,t,1778
eiarngb,r,1778
eirntld,i,1777
iarntoc,t,1777
eirntdg,t,1776
eartodh,e,1775
erntodc,r,1775
eiartdg,a,1775
eiartlg,a,1775
iantloc,i,1774
eiarldc,r,1773
eirtodp,r,1772
earntoc,n,1769
eiarndc,r,1769
eiartcb,r,1768
eartcph,e,1767
eirtodm,e,1767
eiartdu,e,1766
eirlodb,e,1766
eiantdm,n,1764
eiarngb,g,1764
earlodg,e,1763
eiartlo,e,1761
eiartlc,i,1761
earldmb,a,1761
earndcg,e,1760
earntup,e,1758
earntgp,r,1757
eiantgm,n,1757
earntdm,t,1756
eiartlc,l,1756
eiantlc,a,1755
eartomp,e,1754
eiarnto,i,1754
eartlop,a,1754
eirntom,t,1754
eiarntm,m,1754
earntmp,t,1753
eiartop,e,1752
eiardcm,e,1748
earntgp,a,1748
earntch,r,1748
eiarldp,l,1748
eartlub,e,1747
ertodcp,e,1747
eartlcb,r,1747
earntdc,n,1747
eiarntb,a,1744
eirnodp,e,1742
eirndgu,i,1742
eiarntp,p,1742
eirndgu,d,1741
eartodc,d,1741
eirntld,r,1740
eiartgm,r,1740
eiartoc,r,1740
eartlph,e,1739
eartlod,t,1739
earntlo,e,1738
eiartmp,t,1738
eiartod,t,1738
eiarndc,d,1738
eiartlp,p,1738
eirndgm,r,1737
eirntod,n,1737
eirntgm,n,1737
eirntoc,c,1737
eiantdc,e,1735
eirntlo,e,1735
earndcp,e,1735
iarntoc,a,1734
eartlmb,a,1732
eirndgm,i,1731
eiarngb,n,1731
eirndcg,e,1730
iantlog,i,1729
eiartlh,e,1729
eartodu,r,1729
eirntdu,t,1729
eiartop,t,1729
earnldc,a,1728
eiarldc,d,1728
eiarldc,a,1727
eartlcm,e,1726
eiardmb,e,1726
eirntgh,e,1723
eianldg,n,1723
eiartdg,d,1723
earndgu,r,1722
earndmb,e,1721
earntlm,t,1720
erntodu,r,1718
eartoch,r,1717
eartodh,r,1717
eiartlm,i,1716
eiantdg,n,1715
eartodu,e,1714
ertlodc,e,1713
erntlod,e,1713
eartldb,t,1713
earndum,e,1712
ertodup,e,1712
eirndgp,n,1712
earndgm,d,1712
earntgb,e,1711
eartdcg,a,1711
earntcm,r,1711
eartdup,a,1710
eartldb,d,1709
earntdm,d,1709
earntcu,e,1707
eartdmb,r,1707
eianldg,l,1707
earntgu,e,1706
earntoc,c,1706
iantocg,n,1705
earldgb,r,1704
eartlgm,e,1703
earlodp,r,1703
eiardgp,r,1703
earndgp,r,1702
eirntdp,t,1702
earntcg,r,1701
earntlu,e,1700
eiartdm,i,1699
eirntod,d,1699
eartldh,r,1698
earntdp,n,1698
eiarncg,r,1698
earlodb,d,1698
eiartlp,i,1695
earntog,t,1695
earnldg,d,1695
eiartmb,e,1694
eirtldg,e,1694
eartogp,r,1693
eiantlm,e,1692
eirntcg,e,1692
eartdgh,a,1692
iantloc,c,1691
eiarndm,a,1690
eiantdm,a,1690
eartlob,r,1690
earntdb,t,1690
eiantld,a,1689
eiardgm,r,1689
eiarldp,p,1689
eartdmb,a,1688
eiardgb,r,1687
eirntom,r,1686
eiatldp,e,1685
eartdbh,a,1685
eiartdu,r,1685
eirntlg,g,1685
eirntdc,d,1684
eirntlp,e,1683
eartocm,r,1683
earldcg,e,1682
erntodc,o,1682
earlodb,r,1681
eartdbh,r,1681
eartcph,a,1680
eartlch,t,1680
iarntog,g,1680
eartodb,a,1679
iarntog,r,1679
eartlcu,e,1677
eirntlm,e,1677
earntcg,a,1677
earldcb,a,1677
eartlcp,t,1677
eiarnog,g,1677
eiartgp,e,1676
eiartom,r,1676
eirntgh,i,1675
eartlod,a,1674
earntom,a,1673
eiantlp,a,1673
eiarldb,b,1673
earntph,e,1672
eiantld,n,1672
earodcp,e,1671
eirntgu,i,1671
earntlg,t,1671
erntdup,e,1670
eartlob,a,1670
earndgp,a,1670
eiarldm,a,1670
eartdum,r,1669
eiarlod,e,1668
earntdh,t,1668
eianldm,e,1667
eiartgp,r,1667
eartlbh,e,1666
eartlph,a,1666
eartdmp,t,1666
eianldg,e,1665
eartlog,e,1665
eiarldb,i,1664
eiardcb,e,1663
eianldg,i,1663
iantloc,t,1663
eiartdp,p,1663
eardgmp,e,1662
eiartlb,i,1662
iantloc,o,1662
eirnldb,e,1661
eartlcm,a,1661
eartdcp,t,1661
eartlom,e,1660
eiarndm,r,1659
eiartlg,t,1659
eiartcb,e,1658
ertodmp,e,1658
eiarldm,r,1658
eiarldm,d,1658
eartlmp,r,1657
eirndgu,g,1657
eartodg,a,1656
earldmp,a,1656
eartoch,t,1656
eiarnog,n,1656
eiantdp,e,1655
iarntoc,n,1655
erntodp,r,1654
eiartdh,a,1654
eardgmb,e,1653
earntod,n,1653
eiartlh,r,1653
eiartlh,t,1653
earnodm,d,1652
eiartod,d,1651
eiarngp,a,1649
eartdmh,r,1649
earnodg,d,1649
eirldgb,e,1646
eiarntu,n,1646
earntlb,t,1646
eiantlm,n,1645
erntodg,e,1643
eiartmb,r,1641
eartodm,a,1640
earnldb,a,1640
earndgb,r,1640
eirntcg,r,1640
eirntdu,d,1640
earntog,a,1639
eirnodc,e,1638
eirndgh,e,1637
ernodcu,e,1637
earntdp,p,1637
earntcu,t,1636
eirntgb,e,1635
earntop,a,1635
erntocu,r,1635
eiardpb,e,1634
eiartdg,t,1634
earlodp,d,1634
earndcm,e,1633
eirntcp,r,1633
eiartdp,i,1632
eiarndc,a,1631
eirndgb,n,1631
eirntgm,t,1631
eartlod,d,1631
earlodm,e,1630
eartlup,a,1630
earndgb,a,1630
eantldp,a,1630
eartcph,r,1630
eartlcg,e,1629
earntcb,e,1628
eirntdp,n,1628
eartdmh,a,1627
eiartdh,t,1627
earldcm,e,1626
eiantgm,a,1626
earnldm,a,1625
eartoch,e,1624
earlodc,r,1624
eiantlp,e,1623
eiartph,e,1623
earndgh,e,1622
eirtdcm,e,1622
eirntld,t,1622
eirodcp,e,1621
earntcu,r,1621
earntup,r,1620
eiartcm,t,1619
earnldu,e,1618
eirlodc,e,1618
eartldu,r,1618
eiarnld,r,1618
eirntod,i,1616
eiarldg,a,1616
earnodc,d,1616
eirntlc,e,1615
eiarnld,a,1615
erntocu,e,1614
earntlu,t,1614
eiartoc,t,1614
earnlod,e,1612
eirntcg,i,1612
earldcp,r,1612
eartldp,l,1612
eirntog,g,1611
eiatldb,e,1610
eartlpb,r,1610
earntlo,r,1610
eintodc,e,1609
eantldm,e,1609
eirntop,n,1609
eiarngb,e,1608
eartlgb,r,1608
eiartlc,c,1607
eiarldp,i,1606
eartocp,a,1606
eiarngb,i,1605
eiartph,r,1604
eartldb,l,1604
eiarlcp,e,1603
eartomp,t,1603
eiarndb,r,1602
earntld,d,1602
eirtlop,e,1601
eartodm,t,1601
earntcm,t,1600
eiartmp,a,1599
eianlgm,n,1599
iantocg,i,1598
eirndgb,d,1598
eirntdp,d,1597
eartogp,e,1596
eiartpb,e,1596
earntgu,r,1596
eirntdc,n,1596
eiardcb,r,1596
ertodup,r,1595
eiarncg,n,1595
eardgum,e,1594
eirlodg,e,1594
eianlgm,i,1594
earodgm,e,1593
eiartpb,r,1593
eartlgm,a,1592
eartogm,r,1592
earnldg,g,1592
eiartcp,i,1590
eartlch,r,1590
eartldc,d,1590
eiarndp,d,1590
eartoph,r,1589
eartlbh,a,1588
eartloc,c,1588
earntlh,e,1587
earntdg,g,1587
earldph,e,1586
earntlb,r,1586
eirntup,e,1585
eianldm,a,1585
eantldu,e,1583
eirntum,e,1583
eartlmp,t,1583
eartocm,e,1582
eiarnog,r,1582
earntgm,t,1582
eiartlm,l,1582
eantldc,e,1580
earntgb,r,1580
erntodh,e,1579
earnodb,e,1578
earntmb,e,1578
earldbh,e,1578
eiartcm,a,1578
eirntgu,t,1578
eiantdc,n,1577
eartldg,d,1577
ernodcp,e,1576
eirndcg,i,1576
eirtlod,r,1576
eartdup,t,1576
eartlob,t,1576
eirtodb,e,1575
earntcb,a,1575
eiarldh,e,1574
eianlgm,a,1574
eiantld,t,1574
eirntgb,i,1573
ianlocg,n,1573
eiantlc,e,1572
earodmb,e,1572
iantlcg,i,1572
earnodc,r,1572
eartdch,d,1572
earodgp,e,1571
ernlodp,e,1571
earldgp,r,1571
earntpb,e,1569
earntup,t,1569
eiartch,c,1569
earlodb,a,1568
eartlop,p,1567
iarntlg,i,1566
eantodc,e,1566
eiardch,e,1566
eirndgb,g,1566
earldgm,a,1565
eartlog,r,1565
earnodm,r,1564
eianldg,g,1564
eirntgh,n,1563
eartodg,d,1563
eartcmh,e,1562
earodgb,e,1561
earntdm,n,1561
eartlcb,t,1561
eiarlod,d,1561
eiartom,e,1559
earntum,e,1559
erlodcp,e,1559
eartoup,r,1559
eirtodc,d,1559
eianldg,a,1558
iarntlg,n,1558
eiantoc,n,1558
eartcmp,e,1557
eirndgp,g,1557
eartodb,d,1557
eiarodp,e,1556
earldgb,d,1556
earnodp,r,1554
earntou,t,1554
eiarndb,d,1554
earndcg,r,1553
eirntcg,n,1553
eiartmh,e,1552
eirntlo,t,1552
ertodcu,e,1551
earodcp,r,1551
eiardpb,r,1550
eartlcg,a,1549
eiantlc,t,1549
earodmp,e,1548
eartodg,t,1548
eartdub,r,1547
eirnogp,n,1547
eiantdc,t,1547
earntgb,a,1546
eiarodp,r,1546
earnldp,d,1546
eartldm,t,1545
eiardcg,e,1544
eartldu,a,1544
eartlom,r,1544
earntcb,r,1544
eartlub,a,1543
earldpb,r,1543
eartlcu,r,1543
eirtdmp,r,1543
iarntoc,o,1543
earntlu,a,1542
eintldg,i,1542
eiantdm,t,1542
eartogm,e,1541
eartldb,b,1541
eartopb,r,1540
eartdcu,a,1539
eirnogp,i,1539
eirtdcp,r,1539
earntob,r,1539
eirntdm,n,1539
eiartlb,b,1539
eartlgp,r,1538
eirntdm,d,1537
eartlgu,e,1536
eirntdb,r,1535
earntoc,o,1535
earntdb,d,1535
eirntop,i,1534
earndgu,d,1534
eiantld,d,1534
eiardcm,r,1532
eirndgm,d,1532
eiantlm,i,1531
eiartcb,a,1531
eartodc,c,1531
eartgmp,e,1530
eartcmp,r,1529
eiarldg,l,1529
eartloc,l,1528
ertlodp,o,1528
earntob,t,1528
eiarnlp,e,1527
earntlo,a,1527
earntlm,r,1526
eirndgm,g,1526
eirtomp,e,1525
erntocu,t,1525
eiartcg,r,1525
ertodcp,r,1524
eiantdg,e,1523
earodcm,e,1522
earntgh,e,1522
eiantlc,n,1522
eartlom,t,1522
eartdmp,d,1522
eiantlc,l,1522
earlodc,d,1522
eirntmp,r,1521
eirtodm,r,1520
eartldg,t,1520
eiantlm,t,1520
eiantod,n,1519
eiartgb,r,1519
eartdcp,d,1519
eiarldc,i,1518
eirntcp,i,1518
eiantdc,a,1518
earntlu,r,1518
eiartdh,d,1518
earnodp,d,1518
eiantld,i,1517
earndum,d,1517
eiartdm,m,1517
iarntoc,i,1516
earntlh,t,1516
eiartlu,e,1515
eartdcu,t,1515
eirntld,d,1515
eirnlod,e,1514
eartdch,c,1514
eartlup,r,1512
eartldh,t,1512
earlodp,p,1512
eiantlc,i,1511
eartocb,r,1510
eiarncg,e,1509
eiarlgb,e,1509
eartdph,t,1509
eirndgp,d,1509
eiantld,l,1509
earntlp,p,1509
earndcg,a,1508
eartcmh,a,1508
erntodc,d,1508
eiarlmb,e,1507
eiartcu,r,1507
eiartom,t,1507
eiarngu,g,1507
eianldc,e,1505
eiarnld,i,1505
eirntlo,r,1505
earndmp,a,1504
eirndcg,r,1504
erntodc,t,1504
eiarlcp,r,1503
iantlgm,i,1502
eirndgh,i,1502
eartlcm,r,1502
eardgum,r,1502
eartocm,t,1501
earntob,e,1500
eiardmb,r,1500
earntph,t,1500
eirntoh,e,1499
earntdc,c,1499
erntocp,e,1498
ertlodp,r,1498
eiarncg,a,1498
eirndgm,n,1497
eartump,e,1496
iarntgm,n,1496
earntph,a,1495
eianlcg,n,1495
eartodp,o,1495
eiartlu,r,1494
eartcbh,e,1493
eiartcp,p,1492
iantlog,g,1492
ianlocg,i,1491
eirntdu,i,1491
earnodg,a,1491
eantldm,a,1491
eiartmh,r,1491
eiantgm,i,1490
earntlh,a,1490
eianlgp,n,1490
eiatldp,l,1490
earntmh,e,1489
earnldm,d,1489
eiartdb,i,1488
eartodb,t,1488
eiantoc,t,1488
eiartoc,e,1487
eiatldc,e,1487
earndmb,a,1487
eardgmp,r,1487
erntodu,t,1487
eianlcg,l,1487
eirntoh,t,1487
iarntog,o,1486
eintldg,e,1485
eiardcp,a,1485
eiartgb,e,1484
eantldc,a,1484
eirntgh,r,1484
eirntdb,i,1483
iantlog,a,1482
iarntlg,a,1482
earldcm,a,1481
eiartlh,a,1481
eintodc,n,1481
iantlgm,n,1481
eartdcb,t,1481
eiarngu,r,1481
eiantlp,t,1481
earldcu,e,1480
eirnlog,i,1480
eartump,r,1480
eiantgm,t,1480
earntld,n,1479
eianldp,e,1477
eianlgm,l,1477
eianldb,e,1476
earnodb,d,1476
eiantgp,n,1475
eiarnth,a,1474
eiarnlc,a,1474
eartodm,d,1474
eirntgb,n,1473
eiardcp,d,1473
earntoh,t,1473
iantloc,l,1472
eartgmp,r,1471
eartodu,t,1471
eiarntb,n,1471
earldum,e,1470
eiartod,a,1470
iantlcg,n,1468
eartlcu,a,1467
eiarntu,a,1467
eartcph,t,1467
erntodp,o,1467
eianldg,d,1467
earldcg,a,1466
eartdgp,d,1466
eiantdm,d,1466
earntum,t,1465
eiartlg,l,1465
earlodb,b,1465
iarntgm,a,1464
eiarlmp,e,1462
eartldm,d,1462
eartlog,a,1461
eirntgb,r,1461
eiantdp,n,1461
earntgp,t,1461
eiarlpb,e,1460
eiartup,r,1460
earndgp,d,1460
eirntgh,t,1460
eiarngu,n,1460
eiartlm,m,1460
eiarncg,i,1459
eartlmb,r,1459
eiarlcp,a,1459
eiarnlc,e,1458
eiarnod,e,1458
eianlcg,i,1458
erntodu,d,1458
eartcmh,r,1457
earldpb,d,1457
eianldc,a,1456
earodgb,r,1456
earnldb,d,1456
eirtocp,e,1455
eirtldp,r,1455
eiardch,r,1455
eartcbh,a,1454
eiardgb,d,1454
eiantdm,i,1453
earntcg,t,1453
earntdh,d,1453
eiantdc,d,1453
eiarldu,e,1452
earndcm,a,1452
earntou,r,1452
eirntoh,r,1452
eartdup,d,1452
eirtdcp,i,1451
eiartup,e,1450
earntmb,a,1450
eianlcg,a,1450
eartomb,r,1450
eartoph,e,1449
eiarngb,a,1449
eartlub,r,1449
eiartcb,t,1449
eirntou,t,1449
earnlod,d,1449
eiarndc,i,1448
iarntoc,c,1448
earntcu,a,1446
eantodc,n,1446
eiantom,n,1446
eartdgu,a,1445
earnodm,a,1444
eirtldb,i,1444
eiarnod,d,1444
earldgu,r,1443
earndgh,r,1441
earldpb,l,1441
eiantod,e,1440
earntcb,t,1440
eiarldm,i,1439
eartlph,r,1438
eiardgm,d,1438
eiantod,t,1438
iarntgm,i,1437
eiarntb,i,1437
earldup,a,1437
earntph,r,1437
eiarodc,e,1436
iantlcg,a,1436
eirnlog,g,1436
eirnogp,r,1435
earodmp,r,1435
eirntou,r,1435
earntom,n,1435
eirntcp,t,1435
earndgu,a,1434
eirtodc,t,1434
eartlpb,t,1434
eiantdm,m,1434
earntlp,l,1433
eirlodb,d,1433
earldup,r,1432
eirtomp,r,1432
eartocm,a,1431
eartcmp,a,1431
earodgp,r,1431
eartoph,t,1431
eartopb,e,1430
eirtldp,i,1430
earnldp,r,1430
eirtodp,t,1430
eiarlod,r,1430
earntop,p,1430
eiardcm,a,1428
eiardcg,r,1428
ernodcu,d,1428
eiarncg,g,1428
eiantdg,i,1427
earntum,r,1427
earodmb,r,1427
eirntcg,t,1427
earntub,e,1425
eianlgb,i,1425
erntodc,n,1425
earnodb,r,1425
eiatldb,l,1424
eiartlu,t,1424
eirntop,p,1424
eiarlgp,e,1423
eirodcp,r,1422
eartodc,o,1422
earnodg,g,1422
eianlgp,i,1420
earlodg,r,1420
eartlcu,t,1420
earldgb,l,1419
earlodp,l,1418
earldmb,d,1417
eartlcg,r,1416
earntog,n,1416
earnldc,d,1416
eiartgm,a,1415
eiarnld,l,1415
eirtodp,d,1415
earndgh,a,1414
eirntup,r,1414
eirlodp,d,1414
eirntmp,i,1413
eiarndm,m,1413
eartdcm,t,1412
earldgp,d,1412
eiartlo,a,1411
earldmb,r,1411
earodgm,r,1411
eiantlo,n,1411
eirndcg,d,1411
eirntmp,t,1411
eartoch,a,1410
ertodmp,r,1410
eirlodp,r,1410
eirtlop,r,1410
eardgmb,r,1409
eirnlog,n,1409
eiarlgm,e,1408
eiartcg,e,1408
earldcb,r,1408
earntgh,r,1408
eartdgp,t,1408
earldcp,d,1408
eirntld,n,1407
eartlph,t,1407
eartlcp,l,1407
eiardcm,d,1407
eirnogp,e,1406
earndmp,d,1406
eartoup,e,1405
eirntgu,g,1405
eartlum,e,1404
eianlgb,l,1404
eintldg,n,1402
eartloc,o,1402
eirtdmp,i,1401
eartlpb,l,1401
eiarncp,e,1400
eirtldm,r,1400
eiarodc,r,1400
eirtlod,d,1400
eirtocp,r,1399
eiarnlm,a,1398
earndmb,d,1398
earntpb,r,1397
eartldc,l,1397
eirnodc,d,1397
earodcm,r,1395
eirntgp,t,1395
earndgb,d,1395
earnldu,d,1395
eiarnlb,e,1394
erntodm,r,1394
eirtldc,i,1394
earldgm,r,1394
eiarlcm,a,1394
earntgu,t,1394
eirntop,o,1394
earldmp,r,1393
eiarndp,a,1392
ertodcp,o,1392
eartlop,l,1392
eiantlm,l,1392
earndum,r,1391
eartldc,c,1391
eirnodp,r,1390
eirtldc,r,1390
eiarldc,l,1390
eartdup,p,1390
iantocm,n,1389
earntlp,n,1388
eartlub,t,1388
eiarlmp,r,1388
eiarndm,n,1388
eiarnth,n,1388
eiantlp,l,1388
earlodm,d,1388
eartcbh,r,1387
earntoh,r,1387
earntgu,a,1386
eirtldm,i,1386
ertodcu,r,1386
earnldc,r,1386
eartdcu,d,1386
earlodp,a,1385
eiantdc,i,1385
iantlgm,a,1385
earndmp,r,1385
eiantlm,m,1385
eartgmp,a,1384
earldbh,a,1384
eiardmp,d,1384
eiartph,t,1384
eiartcp,c,1384
eiartlo,l,1384
earntlg,n,1383
eartdgm,d,1383
earntup,a,1382
eartlbh,r,1382
eiarldm,l,1382
eartdum,a,1381
earlodb,l,1381
eirntou,e,1379
eartlom,a,1379
eartoup,t,1379
eartlgu,a,1378
earntop,n,1378
eartomb,e,1377
eiardcp,i,1377
eiatldp,a,1377
eirndgh,r,1377
eiantlp,n,1377
eintodc,t,1377
ianlocg,l,1377
eirntlm,t,1377
earntpb,a,1376
eirnogp,g,1376
eirtldb,r,1375
eiartop,p,1375
eiarlcm,e,1374
eirtodb,r,1374
eartdgb,d,1374
earntlc,n,1373
eiardcb,d,1373
eirntlc,t,1373
eianldm,d,1373
eiantgm,e,1372
iantocm,a,1372
erntocu,o,1372
eiantlo,t,1372
eartdpb,t,1371
eartldu,t,1371
eianlgb,n,1371
eirntlc,i,1370
earntmh,a,1370
eiarldg,i,1369
eartlgm,r,1369
eartlog,t,1369
eiartgm,t,1368
eiarodc,d,1368
iarntoc,r,1367
eirntgm,g,1367
eirntdh,r,1366
eirntum,r,1366
eartodh,t,1366
eartdcb,d,1366
earldgu,a,1365
eartlcb,l,1365
eirnlog,e,1364
earlodc,a,1364
eartogp,t,1364
ernodcu,r,1363
earntgh,a,1363
earntgm,n,1363
eiarlcb,e,1362
eiartcu,e,1362
earldub,a,1362
eianlgp,a,1362
iantocg,t,1362
eiarldh,d,1362
eartlod,l,1361
earndgu,g,1361
eiarnlp,a,1360
eirntom,n,1360
earldub,d,1360
eartldu,d,1360
earndcp,a,1359
eirntlm,i,1359
earndgm,n,1359
eiarnod,r,1359
eirntum,t,1359
earndgm,g,1359
eirntom,i,1358
eiarlcb,a,1358
earntum,a,1357
erntodu,n,1357
eiartdu,t,1357
earlodm,r,1356
eartdph,d,1356
earnodg,n,1355
iarntlg,g,1355
eartlgu,r,1354
eartdpb,d,1354
earntom,m,1354
iantlog,l,1353
eartoch,c,1353
eiarngp,p,1353
eardgmp,a,1352
earldph,a,1352
eirtldg,r,1351
earntcp,n,1351
earldup,d,1351
ertlodc,r,1350
earnldg,n,1350
eartlbh,t,1350
earntub,t,1350
eiarldg,g,1350
eartlup,t,1348
earntmh,t,1348
eintodc,d,1348
eiantlc,c,1348
eirnodc,r,1347
eiarnog,e,1346
eartomp,a,1346
erntodp,d,1346
eiarntu,i,1345
eiarnog,i,1345
eartdch,h,1345
eiardgm,a,1344
eartdgh,d,1344
earlodg,d,1344
eardgmb,a,1343
eiantdp,t,1343
eirlodc,d,1343
eirtlod,t,1342
earntou,e,1341
eirnldb,i,1341
eiartop,a,1341
earldub,r,1341
earntub,r,1341
eartocb,t,1341
eiarncp,r,1341
eiartmh,t,1341
erntodg,r,1340
eirldgb,i,1340
earndcp,r,1340
eirndcg,n,1340
eiartmb,t,1340
eiardmp,a,1339
eiardgp,d,1339
ertlodc,o,1339
eartldh,d,1339
eintodc,o,1338
eiardmb,d,1338
eirntgp,g,1338
eianlgm,g,1338
eiarndc,c,1338
eartocb,e,1337
eiarlmb,a,1337
eirntdb,d,1336
iantocm,i,1335
eirntlp,r,1335
eirtdcm,r,1334
erntodp,t,1334
eiantdg,t,1334
eirnodp,d,1334
eiarngm,m,1334
erntodh,r,1333
earntpb,t,1332
earntmb,r,1331
eiartpb,t,1331
eirntlo,i,1330
eiatldc,a,1330
eartdbh,t,1330
eartlob,l,1328
earntlh,r,1327
eartdcm,d,1327
eianldm,n,1326
eianldb,l,1326
earnldp,p,1326
eartdub,a,1325
eartcbh,t,1325
earldub,l,1324
eartloh,t,1324
erntocu,n,1323
eartogm,t,1323
earldmp,d,1323
eartdcg,d,1322
eiarodp,d,1322
eianldm,l,1321
earodmb,d,1321
eartdmp,p,1321
eartldg,g,1320
eartlmb,t,1319
earldgu,d,1319
eiarldu,d,1319
earntoh,e,1318
eintodc,i,1318
eiarnlm,e,1317
eianldm,i,1317
eirntlp,i,1317
erntocp,r,1317
eirlodb,r,1317
eartopb,t,1317
eartocb,a,1316
earndgh,d,1316
eartogp,a,1315
erntodc,c,1315
eirndgh,n,1314
eiandgm,n,1314
eartlcp,p,1314
eiartmp,i,1313
eirntdh,i,1313
eiardch,d,1313
earntob,a,1312
earldup,l,1312
eartlcm,t,1312
earodcp,d,1312
eiarndp,p,1312
eiartcu,t,1311
eartodu,d,1311
eartcmh,t,1310
eartlub,l,1310
eirntdh,t,1310
eartogm,a,1309
einlodg,i,1309
earnldb,r,1309
earntch,c,1309
eiartoc,a,1308
eirntlc,r,1308
eartloh,e,1307
eiantom,t,1307
eirnldb,d,1307
eiardcg,d,1306
eartdcg,t,1305
eiarlmb,r,1305
eiarnth,i,1304
eiartgp,a,1304
eartdgu,d,1304
earndcg,d,1304
eirntod,o,1304
earldgm,d,1303
earodgb,d,1302
eartodh,a,1301
eartlch,c,1301
earldup,p,1301
eianlgb,a,1300
iantlog,t,1300
ertodup,o,1300
earntmb,t,1300
eartodh,d,1299
earndcm,r,1298
eiartlu,a,1298
eartlgb,t,1298
earntlc,c,1297
erntlod,r,1296
eianldc,l,1296
earntod,o,1296
eirtodc,c,1296
ianlocg,a,1294
earnodm,m,1294
earldcg,r,1293
eantodc,t,1293
eirntog,o,1293
earndum,a,1292
iantocg,a,1292
ertlodp,d,1292
earntlu,n,1291
eiarlmp,a,1290
erlodcp,o,1290
eiarldc,c,1290
eirntlm,r,1289
earntmh,r,1289
eiarndm,i,1288
eartlgb,l,1287
eirndgh,g,1287
earntdm,m,1287
eartlup,p,1287
earlodc,c,1286
eiantoc,c,1286
eiarngu,e,1285
eirtodc,i,1285
eiantlo,a,1285
eianlgb,g,1285
eirntup,t,1284
eiartch,i,1283
einlodg,n,1281
earnlod,r,1280
earldcp,l,1280
eiartcm,i,1279
eiantgp,i,1279
eiarlcb,r,1279
eiarlgp,r,1279
eartdbh,d,1279
eirntlg,l,1279
eianldm,m,1278
earldcb,d,1277
eirndgh,d,1277
eirlodg,d,1277
earldgb,b,1276
eiartcg,a,1275
eiardpb,d,1275
earntgh,t,1275
eiartdb,b,1275
eiantlp,i,1274
eiatldb,a,1274
eartldg,l,1274
eianlgp,g,1274
eartocp,p,1274
eiartlg,i,1273
ertodmp,o,1273
eiarlpb,r,1273
earntgb,t,1273
earnodc,c,1273
earntdb,n,1272
eiarldh,r,1272
eirtodc,o,1272
earntom,o,1272
eirntgh,g,1272
eirnlog,r,1271
eiarlmb,l,1271
ianlocg,g,1271
eartlgp,t,1268
eiarlgm,r,1268
eirtodp,p,1268
eiartph,a,1267
eartloh,r,1267
eirtodm,t,1267
eiarndc,n,1267
iantocg,o,1267
eirodcp,d,1267
earlodc,l,1266
eiarndp,i,1265
ertodup,t,1265
eartdgh,t,1265
eiatldc,l,1265
earntlc,l,1265
eiartmb,a,1264
eianlgp,l,1263
eiantod,d,1263
earodgm,d,1262
ernodcp,d,1262
eiarlpb,l,1261
eirtdcm,i,1260
eianldp,a,1260
eartdmb,d,1260
earndcm,d,1260
eiartdu,d,1260
eantldu,a,1259
eiartpb,a,1259
erntodm,o,1259
eiartgp,t,1259
eiarlcm,r,1258
eirlodc,r,1257
earldcm,r,1257
eiarlgm,a,1256
eiantgm,m,1256
eartlum,a,1255
eirntlp,t,1255
earldcp,p,1255
eiarnto,o,1254
eiantdc,c,1254
earnldu,a,1253
eiarnlm,i,1252
eiarlgb,r,1252
ernodcu,o,1251
eintodc,c,1250
eartdgm,t,1249
eirnldg,l,1249
earntlg,g,1249
eartlub,b,1249
eiarnlb,a,1248
eartdgb,t,1248
eiarnlp,r,1248
earldgb,g,1248
eiartmp,p,1247
eianldp,l,1246
eiartcg,t,1246
eartlod,o,1246
eartodm,m,1246
earnodm,n,1245
eirtomp,t,1245
erntocp,t,1245
eartump,a,1244
eiarnld,n,1244
eiartch,h,1244
eiarlcp,p,1244
eiarngu,i,1243
eiardcb,a,1243
earndmb,r,1243
eirlodg,r,1243
eartdub,t,1243
eartlmp,p,1243
eirnlod,d,1242
eiarlgb,a,1241
eartocp,o,1241
eirntdb,t,1241
eiantlp,p,1241
eiarnlp,p,1241
eiarlpb,a,1240
eantldu,n,1239
ernodcp,o,1239
eiarnlc,l,1239
eiarlgb,l,1238
earlodg,a,1237
eiartdu,a,1237
eartump,t,1237
earntld,l,1237
eirldgb,r,1236
eartlum,r,1236
eiarldm,m,1236
eartlob,b,1235
eiarnlc,c,1235
eiandgm,e,1234
eiantom,a,1234
erntodm,t,1234
eirndcg,g,1234
earldum,d,1233
eartdcp,p,1233
eiantoc,a,1232
eirntdp,p,1232
earldub,b,1232
eirtlop,t,1231
eirtodp,o,1231
eiarlod,l,1231
earlodm,a,1230
eiarldu,r,1230
earodcm,d,1230
eirtldg,i,1229
ernodcp,r,1229
eianldc,d,1229
eiartdg,i,1228
earnldm,r,1228
earnodc,n,1227
earldmb,l,1226
eiartoc,c,1226
eirtlod,i,1225
earndcp,d,1225
iantocm,o,1224
eiardcp,p,1224
earndgu,n,1223
erntdup,r,1222
earldgp,l,1222
earntgp,n,1221
erntocp,o,1221
eartomb,t,1220
earldgu,g,1220
einlodg,g,1220
einlodg,e,1219
eiatldc,i,1219
eirntlo,n,1219
eantodc,d,1219
eiartup,t,1218
earnodc,a,1217
eartdcu,c,1217
earnodc,o,1216
eardgum,d,1215
earntop,o,1215
eiartgb,a,1214
eiantlo,l,1214
eiantgm,g,1213
eiantoc,i,1212
eartdmh,t,1212
eirntou,n,1212
erlodcp,d,1211
eartodg,g,1211
earntog,g,1211
earodmp,d,1210
eantodc,a,1209
eiandgm,a,1209
eirntcp,n,1209
iantocm,t,1209
erntodu,o,1209
earntcg,n,1208
eantldu,d,1208
eiarndb,a,1207
eirntgb,g,1207
earnldu,r,1206
eartdum,t,1206
ernlodp,o,1206
earntdu,u,1206
eiardgb,a,1205
eiarlgp,a,1205
eartlcg,t,1205
iantlog,o,1205
eiarnlc,r,1203
eirldgb,d,1203
earlodc,o,1202
earodgp,d,1202
eianldb,a,1201
eartdub,d,1201
eiantdg,d,1201
eirtldb,d,1201
iarntgm,g,1201
eiarndp,n,1200
erlodcp,r,1199
earldcu,r,1199
eartcmp,t,1199
eirtocp,t,1199
eartlmb,l,1199
ertodup,d,1199
eirnodc,o,1199
earntlg,l,1199
eiarnlc,i,1198
erntodp,n,1198
earntlo,n,1198
earntgu,n,1198
earndum,m,1198
eiardgp,a,1197
eiarnlb,l,1197
eiatldp,p,1197
eiardch,a,1196
earldcb,l,1196
eartldu,l,1196
eantldp,l,1196
earldbh,d,1195
eiatldp,d,1195
eianldc,i,1194
eartlum,t,1194
eartdum,d,1194
eartodb,b,1194
eiartlo,i,1193
eiantlo,i,1193
earntdh,n,1193
eartldm,l,1193
eirtodp,i,1192
eirtlod,l,1192
eartdmh,d,1192
eiartlh,l,1192
earldum,r,1191
eiartod,i,1190
eiantdg,a,1189
eartdmb,t,1189
eirntdb,n,1189
eartdgu,t,1189
earnldp,l,1189
eianlgm,e,1188
earntcu,n,1188
ernlodp,d,1188
eiarlcp,i,1187
eartlgm,t,1187
earnldg,l,1187
ianlocg,o,1187
eirntdc,c,1187
earntlb,l,1186
eirnodg,o,1185
eartlup,l,1185
eiartmh,a,1184
earntmp,n,1184
eiarlcb,l,1184
eartlop,o,1184
eianlgb,e,1183
eiardcp,c,1183
eirtldp,d,1183
earntgm,g,1182
eartopb,a,1181
earldcg,d,1181
eianlcg,g,1181
eirnldb,r,1179
eirlodp,l,1178
earodgb,a,1177
eiantdp,a,1177
eianldc,n,1177
eiantdp,d,1177
ertlodc,d,1177
einlodg,d,1177
earldmb,b,1177
eirtdmp,t,1175
eirntoh,n,1175
eartlmp,l,1175
eiartdh,i,1174
eiarncp,a,1173
eianldp,d,1173
eianldb,d,1173
eartomb,a,1172
earntcm,n,1172
eirtldc,d,1171
earldcu,d,1170
iantlgm,g,1170
earndgm,m,1169
eardgmb,d,1167
earnldc,l,1167
eiartgb,t,1167
eirntum,i,1166
earntlm,n,1166
eiartmp,m,1166
earnodp,p,1166
eirlodp,p,1166
eirtodb,d,1165
eiantlo,e,1164
eiandgm,i,1163
eartodm,o,1163
earndgp,n,1162
eirntdh,n,1162
ertodcp,d,1162
eirtodm,d,1161
eartldm,m,1161
eiantgp,a,1160
eirtldm,t,1160
eiatldp,t,1160
eirtdcp,d,1160
eiarnog,a,1159
eartocp,c,1159
eantldp,d,1159
erntocu,c,1159
eardgum,a,1158
eiartcu,a,1158
erntodh,t,1158
eiandgm,d,1158
earodgm,a,1157
eiarldh,a,1157
eantldp,t,1157
eiantoc,o,1157
eirtldg,d,1156
eiarnlp,i,1155
eiarlcp,l,1155
eantodc,c,1155
eiatldb,d,1154
eiarnlm,l,1154
erntlod,d,1154
eirntup,n,1153
erntodp,p,1153
eiardcm,i,1152
eiardcb,i,1152
eartlcu,l,1152
earnldb,l,1151
eiarndb,i,1150
earndgb,g,1150
earntcp,p,1150
eirnogp,p,1149
eartodu,a,1148
earnodb,a,1148
eartoph,a,1148
eirntom,o,1148
ertlodp,p,1148
earldum,a,1147
earntub,a,1147
eartlcu,c,1147
erntlod,o,1147
earnldc,c,1147
erntodm,d,1146
eianlgm,m,1146
earldph,r,1145
iantocg,c,1145
eiarnlm,m,1145
eiardmb,a,1144
earlodb,o,1144
eirntgb,t,1144
erntodh,o,1144
eiantom,m,1143
eiarngu,a,1142
eartodb,o,1142
eirlodb,i,1141
eiatldc,d,1141
eirnodc,c,1141
eiantom,i,1138
eiartom,a,1138
eiardcg,a,1138
eardgmp,d,1138
eartlgp,l,1136
eiarlcm,l,1136
eianlgp,e,1134
eartloh,a,1134
earldcm,d,1134
eirtlod,o,1134
eirntom,m,1134
eirnodp,p,1134
earndum,n,1133
earldph,d,1132
earntmp,p,1131
eiartom,m,1131
ernlodp,r,1130
eirtldc,t,1130
iantlcg,l,1130
eiartlh,i,1129
eiartlu,l,1128
eirntdm,m,1128
earldbh,r,1126
eiantdg,g,1126
eiantod,i,1125
earodmb,a,1124
earntup,n,1124
eirntum,n,1124
eiartdg,g,1124
earnlod,a,1123
eiarncp,i,1123
earnldu,l,1123
eiarnlp,l,1123
eiartgm,m,1123
ernodcu,n,1122
earldgu,l,1122
eianlcg,e,1121
ertodcu,d,1121
eantldc,n,1120
eirnlod,r,1120
eiarldu,l,1120
earndgp,g,1120
earntlu,l,1119
eiarlmp,l,1118
eintldg,g,1118
iantlcg,g,1118
earlodp,o,1117
eartlcp,c,1117
eiatldc,t,1116
eantldu,t,1115
eiarlcp,c,1115
earnldc,n,1114
eiartcb,i,1113
eiarlod,a,1113
eirlodb,l,1113
eiarlcm,i,1112
eartdgu,g,1112
eirntdh,d,1112
earnldb,b,1112
eiantod,a,1111
iantocm,c,1111
eartomp,p,1111
eantldp,p,1109
eartdmp,m,1108
earntch,n,1107
ianlocg,c,1107
ertodmp,t,1106
eirtdcp,t,1106
eiarnlc,n,1106
earntcp,c,1106
eiatldc,c,1105
eirnodp,n,1104
eiardgm,m,1104
earlodg,g,1104
eiatldb,b,1104
eiardmp,i,1103
eiarlmb,i,1103
eartlog,l,1103
eiarncp,p,1103
earnodp,a,1102
eantldm,n,1102
eiartup,a,1102
eirtldm,d,1102
eiarlmp,i,1101
eiantdp,i,1100
earldcu,a,1100
erntodu,u,1100
eartdph,p,1099
eiarnlb,i,1098
eartlcb,b,1097
eantodc,o,1096
eirntup,i,1095
eartlbh,l,1095
eartlgu,t,1094
eiantom,e,1093
ertodup,p,1093
eiarnlb,r,1092
ernodcu,c,1091
eirlodb,b,1090
erntlod,t,1088
eirtodm,i,1087
eirnodc,n,1087
ertlodp,t,1086
eantldm,d,1086
earnldu,n,1083
eirtdcm,t,1082
eiantgp,t,1082
eiarlmb,b,1082
eirtdmp,d,1081
eantldp,n,1079
eartlch,l,1078
eartoup,p,1078
erntdup,n,1077
erntdup,d,1077
eiartcm,m,1077
eartgmp,t,1076
earnldm,m,1076
earntlo,l,1075
earntgm,m,1075
earldgp,p,1075
eartlgb,b,1075
earodcm,a,1074
erntodm,n,1074
earntou,n,1074
erntodg,d,1074
eirntcp,p,1072
earldpb,p,1071
eiardgm,g,1071
eirntdu,u,1070
earntum,n,1069
eianldc,c,1068
eiarodc,c,1067
eiandgm,m,1067
eartcph,c,1066
eartlcb,c,1066
eartoph,p,1066
earldmp,p,1066
eiantgp,e,1065
ertodcu,o,1065
iarntlg,t,1065
iantocg,g,1065
eartlph,p,1064
eintldg,d,1064
eirntcg,g,1064
earlodg,l,1063
eartlom,m,1063
eiarlmp,p,1063
earodgp,a,1062
eiarlod,i,1061
eiartlg,g,1061
eirntlo,o,1061
eirnlog,l,1060
eiarnlb,b,1060
earldmp,l,1059
eirtldp,t,1059
eartldh,l,1058
eirlodp,o,1058
eartdum,m,1056
eartocm,o,1055
eiarodp,p,1055
eartdgm,g,1054
earntup,p,1054
eiardch,c,1053
eartoch,h,1053
eiardmp,p,1053
eiartmb,i,1052
eiarldu,a,1051
eirlodc,o,1051
eiarlgm,l,1051
eirnlog,o,1051
eartodg,o,1050
eiartcm,c,1050
eirntgp,p,1050
earodmp,a,1047
eiardpb,a,1047
eiarnlm,r,1047
earnodp,n,1046
eartdcp,c,1046
earndgh,g,1046
eirntlc,n,1045
earntlm,l,1045
eiarlcb,i,1044
eartlpb,p,1044
eartlch,h,1044
iarntgm,t,1043
earndcg,n,1042
earldgm,g,1041
eirtlop,p,1041
eiarndb,n,1040
eartlph,l,1040
ertlodp,l,1039
eirntoh,i,1038
eirtldb,l,1038
eantldu,l,1038
iarntgm,r,1037
eiarlgp,l,1037
earlodm,m,1037
einlodg,l,1036
eiartgm,i,1035
iantlcg,t,1035
eartodu,o,1035
eiartcu,c,1035
eirntgm,m,1035
eianldp,n,1034
eantldc,t,1034
eirndgp,p,1033
eianldb,i,1032
erntdup,t,1032
eirntld,l,1032
earntob,n,1031
earldcu,l,1031
eantldc,d,1031
eiarnod,n,1029
iantlgm,l,1029
eiarlgb,b,1029
ertlodc,t,1028
earntlb,n,1028
earldcb,b,1023
earntog,o,1022
eartoup,a,1021
eartlom,l,1021
eiarndb,b,1021
eartlog,g,1021
eirtdcm,d,1020
earnodb,b,1020
eantldm,t,1019
erntodh,d,1019
eiarlcm,m,1019
earnldm,n,1018
eartlob,o,1018
eiantoc,e,1017
eirnodc,i,1017
ertodcu,t,1017
eiartup,p,1017
earntgb,n,1016
eardgum,g,1016
eartdgp,p,1015
earlodm,l,1014
eirlodg,l,1014
eiatldp,i,1012
earntou,a,1012
earndgb,n,1012
ertodmp,d,1012
eartlgu,l,1012
eiarldh,i,1011
eirntmp,n,1011
earntcu,c,1011
eirtlop,i,1010
eiardch,i,1010
eiarldh,l,1010
earndmb,m,1010
eiartop,i,1009
erntodg,o,1006
eiartcb,c,1006
eiantdp,p,1005
eirlodc,i,1004
eiarlgm,i,1003
eiarlcm,c,1003
eirnodp,i,1002
ertodcp,t,1002
earnodm,o,1002
eartocm,c,1002
eartomp,o,1001
eintldg,l,1001
eiarnlm,n,1000
eiantgp,g,1000
eiarlcb,b,1000
eiarlgm,m,1000
eiartlu,i,999
eirtlop,o,999
earntmp,m,998
eiardcm,c,998
earntgu,g,998
eirtocp,p,998
eirtocp,i,997
eiatldb,t,997
eintldg,t,997
earldpb,b,997
eartlcm,l,996
eartlmb,b,996
eirlodg,i,994
earnlod,l,994
erntocu,u,994
eiatldb,i,993
earldbh,l,991
eiartph,p,991
eiarlmb,m,990
earntlm,m,988
eartlgp,p,988
eartogp,p,988
eirlodp,i,987
earntoh,a,986
eartlgb,g,986
eartlgu,g,984
eartocm,m,984
eiarnlp,n,983
earntlb,b,983
earndcg,g,983
earnldp,n,982
earnodb,o,982
earndmp,n,981
eiarncp,c,981
eartogm,m,981
earodcp,a,980
eirtldp,l,980
eirtlop,l,980
eiardmb,i,979
eirnodp,o,979
eartlcg,l,979
eartlom,o,979
eiartgp,p,979
eartomp,m,978
eirlodc,c,978
eianlgp,p,977
earntcb,n,976
eartdgm,m,976
eartdub,b,976
eiartoc,i,975
eantldc,l,974
erntocp,n,973
eirnogp,o,973
earldgp,g,973
eirntlo,l,973
eiardgb,g,973
eirtodm,m,973
eianldp,p,973
erntodg,t,972
eiardgm,i,971
eiardgp,p,970
earnlod,n,968
eartdgb,g,968
eiartdu,i,967
eiandgm,g,967
earntdb,b,967
eiarngb,b,967
eirlodc,l,966
eiardmp,m,966
erntodh,n,965
earntub,n,965
earldmb,m,965
eirodcp,c,965
earntch,h,965
eianldp,i,964
eirtodb,i,963
eartdcm,c,963
eianlgb,b,963
earndmb,n,962
eartdcb,c,962
eirntoh,o,962
earldph,p,962
eiardgb,b,962
eiartpb,i,961
iarntlg,r,961
eartoch,o,961
eiarlgm,g,960
eirtldp,p,959
eiardgp,i,957
earntgh,n,956
earntcm,c,956
earldbh,b,956
earodcp,p,956
einlodg,o,955
earldum,m,955
eirnlod,i,954
eiarnod,a,953
ernlodp,p,953
earnodp,o,952
eiardcm,m,952
eirldgb,l,951
eirtodm,o,951
eiarlgp,p,951
eirodcp,o,950
eiarlmp,m,950
eiarodp,a,949
eirntlp,n,949
eartcmh,c,949
eianldb,b,948
eiardgb,i,945
erntodg,n,944
eartlmp,m,944
earldcp,c,944
eirndgu,u,944
eardgum,m,943
ertodmp,p,943
eiardcb,c,941
eirodcp,p,941
earnodg,o,940
eirntcp,c,940
eirntou,i,939
eianldb,n,939
eartloh,l,939
earodmb,b,939
earldcg,l,938
earntph,p,938
eartlbh,b,938
eiarodc,a,937
eartdcm,m,937
eirtocp,o,936
eirndgb,b,936
earntlo,o,936
eiartgp,i,935
earntph,n,935
earntmb,n,935
eartcbh,c,935
eiantod,o,935
eirtdcp,p,935
eirtdmp,p,935
eantldm,l,934
eirtomp,p,934
eirntlm,n,933
earnldu,u,932
eirtodb,t,931
earldum,l,930
earntoh,n,930
eirtomp,i,929
earlodm,o,928
eirtldb,t,927
erntdup,u,927
eartogp,o,926
eartcph,h,926
eiartod,o,925
eiarlpb,i,924
eianlcg,c,923
earodgm,g,923
earntum,m,923
eantldm,m,923
eirnldb,b,923
eiardpb,i,922
eirtdcp,c,922
eirlodb,o,920
eirtdmp,m,920
earndgh,n,918
earldph,l,918
eirtldm,l,918
eartdgh,g,918
earodcp,o,917
earndcm,n,917
eiardmb,m,917
earnlod,o,917
iarntlg,l,916
earndcp,p,915
eartump,p,915
eirlodg,g,913
eirntgu,u,912
eiartcu,i,911
eiantlo,o,911
earnodb,n,910
eirnldb,l,909
earndmp,m,909
eiardcg,i,908
eiartmb,m,908
earldcu,c,908
earntlh,n,906
eirodcp,i,905
eiarldu,i,905
eiartmh,m,905
eartdcb,b,905
earodgm,m,905
eartlum,m,905
eiartph,i,904
eiartmh,i,903
earldcm,l,903
eiantgp,p,903
earodmb,o,902
eartlgm,l,902
eartlcm,c,901
earntpb,n,900
eiartom,i,898
eirtldg,l,898
earndcm,m,898
eartopb,o,897
eiarlgb,g,897
eantldu,u,897
eirnlod,l,893
eartlog,o,893
eirtomp,m,893
ernodcu,u,893
eartdpb,p,892
eiarlcb,c,892
iantocm,m,892
eartocb,c,891
earntgp,p,889
eirtldb,b,889
ertodcp,p,889
eirntup,p,889
earndcp,n,887
eiarnod,i,885
eiartop,o,885
earntlh,l,885
ertlodc,c,885
earldgm,l,884
eirtldc,l,883
eartldh,h,883
earodcp,c,882
eirtocp,c,882
eirtldm,m,882
eiarncp,n,881
ertodup,u,881
eartocb,o,880
eartdgp,g,880
eartlum,l,879
earntob,o,879
earodmb,m,878
eartlpb,b,878
eiarodc,i,877
eiarlpb,p,877
erlodcp,p,877
eartogm,o,875
eartoph,o,873
earntgb,g,873
eiarntb,b,873
eiardmb,b,873
eartomb,o,872
eirtomp,o,870
earodcm,o,869
erntlod,n,868
eartcph,p,867
earntcm,m,867
eiarlgb,i,866
earntmh,n,866
eiartcg,i,865
eartoup,o,864
earntgp,g,863
eartlmb,m,863
eirntmp,p,863
earnldm,l,861
earodcm,m,861
iantlcg,c,860
eartdgb,b,859
earodcm,c,858
eirnlod,o,858
eartogm,g,857
earldgm,m,857
ertodcu,c,856
eiarlpb,b,856
eardgmb,g,854
eirntum,m,854
eiartlo,o,853
earndgp,p,852
eirnlod,n,851
eiardcb,b,851
earodgb,b,851
eantldc,c,851
eartdmh,m,850
eiardgp,g,850
eartopb,p,850
eartodh,o,849
eirtodb,o,849
eiartdh,h,849
eirtldc,c,849
iantlgm,t,848
eiantom,o,847
eartomb,m,846
eiarlgp,i,845
eirntlc,l,845
earodmp,p,845
eirtldg,t,844
eiartoc,o,844
earnldb,n,842
eartlgm,g,842
ertlodc,l,841
eiartgm,g,841
eartdbh,b,841
eiartcb,b,840
eartump,m,839
eirntou,o,839
erntodm,m,839
eartlub,u,835
earntcb,c,835
eirntlp,p,833
earntlu,u,832
earndmp,p,831
earldcm,m,831
eirntlc,c,831
ernodcp,n,830
iantlgm,m,829
eartcmh,h,828
earldgu,u,827
earldcg,g,826
ertodcp,c,824
eiarnlb,n,823
eirntlm,m,821
eartdmb,m,819
eirntmp,m,819
eirlodg,o,815
earntob,b,815
earlodg,o,811
earldub,u,811
earodgp,p,811
earodgb,g,808
earldup,u,806
earldcm,c,806
eirndgm,m,805
eartdcu,u,805
erlodcp,l,803
eardgmp,g,800
eartcmp,p,800
eartlcm,m,799
eiarlgp,g,798
eartlgm,m,798
eiartpb,p,796
ernodcp,p,796
eirldgb,b,795
earndum,u,792
iarntgm,m,792
eiarodp,i,791
eartdup,u,791
earntou,o,790
earntgh,g,790
eartdcg,g,790
eartodh,h,789
eartcbh,h,789
ernodcp,c,788
eartdmb,b,788
eiartup,i,786
earldcb,c,786
eiartgb,i,784
earntmh,m,784
erntocp,c,783
erntocp,p,783
earldmp,m,780
eartldu,u,778
eiartcg,c,776
earntdh,h,776
earodmp,m,774
eardgmp,m,770
eartloh,o,770
eartgmp,m,766
earndgu,u,765
eiarncg,c,764
eardgmb,m,764
eartlcu,u,764
eiartgb,b,764
earntcg,g,761
ernlodp,l,760
earndcp,c,758
earodgp,g,758
eirtodb,b,758
earntmb,m,757
earndmb,b,756
ertodmp,m,753
earodmp,o,752
eiardpb,p,751
eiarlod,o,749
eiardcg,c,747
eirntlm,l,747
eirnldb,n,746
earldum,u,746
earntcg,c,743
eartdph,h,743
earodgb,o,742
earntoh,o,740
eartdcg,c,738
eartocb,b,738
eirtldg,g,734
eartlgp,g,733
eartodu,u,732
earntub,b,732
eartogp,g,731
eartdbh,h,729
earldcu,u,724
eirldgb,g,723
eiartom,o,722
eartgmp,p,722
erntdup,p,722
eiarnod,o,718
eiartlh,h,718
eirntlp,l,715
eiartmb,b,715
erntlod,l,714
eirntoh,h,714
eartomb,b,711
ertodcu,u,709
eartlup,u,707
eartdmh,h,707
earodgp,o,706
earndgb,b,706
eirntgh,h,706
eiardch,h,706
earntpb,p,701
eartloh,h,699
eartlcg,c,698
eirtdcm,c,698
eiarntu,u,697
eartdgh,h,697
eartcmp,m,696
eirtdcm,m,696
earntum,u,693
eirntum,u,693
earntcu,u,692
earntup,u,691
eiarnog,o,687
eiarodc,o,685
eirntup,u,684
earodgm,o,680
eardgum,u,675
eiartgb,g,675
erlodcp,c,672
ernlodp,n,671
eartdum,u,670
eiardcg,g,668
eartcmh,m,665
eirntdb,b,665
eirntou,u,664
earndcm,c,663
earntgu,u,661
eartlgu,u,659
erntodg,g,658
eartoph,h,651
eartlbh,h,650
eardgmp,p,650
earntub,u,648
eartdpb,b,648
eartdgu,u,648
eardgmb,b,648
eirntcg,c,644
earntou,u,642
eartlcg,g,640
eartcmp,c,637
eiarodp,o,632
eiarnth,h,631
eartlum,u,624
eartdub,u,621
earntgb,b,620
eiardpb,b,620
earldcg,c,617
eiartgp,g,616
eirntgb,b,613
erntodh,h,612
earntmb,b,611
eartlph,h,610
earntcb,b,600
eartgmp,g,594
eartoup,u,594
eartump,u,592
eartopb,b,582
earntlh,h,573
earntoh,h,567
eiarldh,h,563
earndcg,c,558
eiartph,h,558
eartcbh,b,555
eiartmh,h,553
earntph,h,550
earntmh,h,529
eiarngu,u,525
eiartpb,b,522
eiartcg,g,521
eiartcu,u,518
earldbh,h,499
eirndcg,c,497
eiarldu,u,493
eirntdh,h,469
eiartlu,u,462
earndgh,h,433
earldph,h,431
earntgh,h,428
earntpb,b,422
eiartdu,u,399
eiartup,u,392
eirndgh,h,392
